"state","year","mean_income"
"Maine",1980,30060.8304797481
"New Hampshire",1980,37043.8977982231
"Vermont",1980,32330.1760957825
"Massachusetts",1980,37604.7082971275
"Rhode Island",1980,36065.6990794337
"Connecticut",1980,41847.7084015365
"New York",1980,35610.3312270832
"New Jersey",1980,38728.0016311886
"Pennsylvania",1980,35262.1088471358
"Ohio",1980,37637.4302849175
"Indiana",1980,36008.7728962267
"Illinois",1980,40235.6947803515
"Michigan",1980,39259.1774818118
"Wisconsin",1980,38335.4666551363
"Minnesota",1980,37260.3673830734
"Iowa",1980,36125.8582297761
"Missouri",1980,35352.2537306449
"North Dakota",1980,33253.6051757718
"South Dakota",1980,31217.9557756993
"Nebraska",1980,34215.5333820169
"Kansas",1980,37057.4925066918
"Delaware",1980,37449.3732095982
"Maryland",1980,42716.4847968822
"District of Columbia",1980,41897.8111803985
"Virginia",1980,39480.642582209
"West Virginia",1980,29766.0456757044
"North Carolina",1980,32759.3825696201
"South Carolina",1980,30364.8102590325
"Georgia",1980,34821.3580586933
"Florida",1980,32190.251486635
"Kentucky",1980,31850.5641055891
"Tennessee",1980,31102.8601105076
"Alabama",1980,28687.8045259596
"Mississippi",1980,29064.2889865668
"Arkansas",1980,29247.3302826076
"Louisiana",1980,31361.3499251963
"Oklahoma",1980,33876.5466921338
"Texas",1980,35042.9207056161
"Montana",1980,34539.0027989787
"Idaho",1980,34405.2342166434
"Wyoming",1980,41098.1753610851
"Colorado",1980,42679.3151245507
"New Mexico",1980,31633.9539215753
"Arizona",1980,36300.2372332176
"Utah",1980,36548.8239983537
"Nevada",1980,40151.0005740949
"Washington",1980,41257.9684400828
"Oregon",1980,36563.2487116243
"California",1980,39901.9978412412
"Alaska",1980,52520.7238892939
"Hawaii",1980,38633.0367687962
"Maine",1981,29595.4186885404
"New Hampshire",1981,36558.6848222422
"Vermont",1981,32114.2567037947
"Massachusetts",1981,36204.5171713869
"Rhode Island",1981,32251.0847573075
"Connecticut",1981,38885.2956807553
"New York",1981,34216.8676083743
"New Jersey",1981,36664.2657451978
"Pennsylvania",1981,33807.885522698
"Ohio",1981,36374.0417590412
"Indiana",1981,32825.245171896
"Illinois",1981,37920.9737524658
"Michigan",1981,36288.1948323315
"Wisconsin",1981,36450.4653292035
"Minnesota",1981,34817.1219738403
"Iowa",1981,34455.2067199921
"Missouri",1981,32554.4966930378
"North Dakota",1981,31650.5425355751
"South Dakota",1981,29464.7765314825
"Nebraska",1981,32817.7150726627
"Kansas",1981,35176.3202614744
"Delaware",1981,36266.7427456493
"Maryland",1981,40816.1275405339
"District of Columbia",1981,38200.6496600326
"Virginia",1981,37095.1145399222
"West Virginia",1981,28130.6473618363
"North Carolina",1981,31787.7667494767
"South Carolina",1981,28509.2052364848
"Georgia",1981,33991.9893053935
"Florida",1981,30974.6702267704
"Kentucky",1981,30507.5688607528
"Tennessee",1981,29881.6433532645
"Alabama",1981,28648.4445483998
"Mississippi",1981,26194.8610896357
"Arkansas",1981,27010.2435531024
"Louisiana",1981,31575.8713500137
"Oklahoma",1981,34122.2119921759
"Texas",1981,33184.0807727967
"Montana",1981,34176.379236397
"Idaho",1981,31665.6763744918
"Wyoming",1981,38525.7808221097
"Colorado",1981,38529.4047646055
"New Mexico",1981,30117.6610545708
"Arizona",1981,35146.7412969622
"Utah",1981,35227.5948010292
"Nevada",1981,38895.1892394269
"Washington",1981,37640.5774876006
"Oregon",1981,35881.2598156332
"California",1981,38124.9480059913
"Alaska",1981,49846.290595989
"Hawaii",1981,37162.3037258483
"Maine",1982,28932.6992206657
"New Hampshire",1982,37126.2329356929
"Vermont",1982,32643.356509967
"Massachusetts",1982,36667.7207056328
"Rhode Island",1982,31262.5016299332
"Connecticut",1982,41157.9442074354
"New York",1982,34049.4420924686
"New Jersey",1982,37465.4123416057
"Pennsylvania",1982,33173.9179041699
"Ohio",1982,35857.0831988712
"Indiana",1982,31676.936278044
"Illinois",1982,38426.0391263385
"Michigan",1982,35738.0073005228
"Wisconsin",1982,36014.8808186521
"Minnesota",1982,34393.6503858377
"Iowa",1982,34295.9092388151
"Missouri",1982,33861.4918666562
"North Dakota",1982,34595.1647842479
"South Dakota",1982,28871.7523717251
"Nebraska",1982,32735.1519099451
"Kansas",1982,35012.9359827979
"Delaware",1982,36513.2046273053
"Maryland",1982,41144.9770567103
"District of Columbia",1982,40251.0318086654
"Virginia",1982,37811.3792071119
"West Virginia",1982,27170.0404133167
"North Carolina",1982,30107.2687333127
"South Carolina",1982,28784.3323144266
"Georgia",1982,33968.5755248207
"Florida",1982,32430.6865975833
"Kentucky",1982,30328.8918128213
"Tennessee",1982,29372.2324783503
"Alabama",1982,28357.5987443033
"Mississippi",1982,27915.9087037024
"Arkansas",1982,26375.5049026258
"Louisiana",1982,32113.9260787388
"Oklahoma",1982,35013.5447220146
"Texas",1982,35123.5415142651
"Montana",1982,34151.8057695152
"Idaho",1982,31991.2431198269
"Wyoming",1982,41515.1746711023
"Colorado",1982,39878.3046802398
"New Mexico",1982,32484.9278860039
"Arizona",1982,34012.5545523916
"Utah",1982,34673.4081857986
"Nevada",1982,39478.5506263628
"Washington",1982,37805.0992465495
"Oregon",1982,34811.8742650937
"California",1982,38069.1070338719
"Alaska",1982,49059.8478700547
"Hawaii",1982,35818.9472413392
"Maine",1983,31145.3435363285
"New Hampshire",1983,34922.7677833615
"Vermont",1983,31187.5886512
"Massachusetts",1983,36676.2467492581
"Rhode Island",1983,32534.4343112792
"Connecticut",1983,42927.4595984608
"New York",1983,33829.8666309536
"New Jersey",1983,37089.1758743817
"Pennsylvania",1983,32712.1811595542
"Ohio",1983,35922.1753125328
"Indiana",1983,32328.9162513047
"Illinois",1983,39074.4135926552
"Michigan",1983,34800.0084339366
"Wisconsin",1983,36699.0853908157
"Minnesota",1983,34975.2869147038
"Iowa",1983,32518.2552741936
"Missouri",1983,33206.7605588419
"North Dakota",1983,34128.7033168991
"South Dakota",1983,28671.5640296847
"Nebraska",1983,33452.225975616
"Kansas",1983,35510.1845182904
"Delaware",1983,38426.8076594964
"Maryland",1983,41827.32990253
"District of Columbia",1983,40786.2966055604
"Virginia",1983,39934.6725528575
"West Virginia",1983,27399.8038125625
"North Carolina",1983,30193.6919415708
"South Carolina",1983,27430.9546099695
"Georgia",1983,33711.1210102568
"Florida",1983,31872.6210044063
"Kentucky",1983,31427.0975511764
"Tennessee",1983,29873.999037106
"Alabama",1983,29107.8993594543
"Mississippi",1983,28567.8593525531
"Arkansas",1983,27128.0336775078
"Louisiana",1983,31881.5467283352
"Oklahoma",1983,35975.1748790339
"Texas",1983,35008.4888686538
"Montana",1983,30681.4958560579
"Idaho",1983,30517.9605985466
"Wyoming",1983,38301.9921628305
"Colorado",1983,39722.201893863
"New Mexico",1983,32193.7331597923
"Arizona",1983,34972.8453954307
"Utah",1983,33318.4814657195
"Nevada",1983,39192.2069900561
"Washington",1983,37969.7510194262
"Oregon",1983,34717.430151523
"California",1983,38193.5079210901
"Alaska",1983,48141.933952487
"Hawaii",1983,35756.3451935938
"Maine",1984,32093.7873105812
"New Hampshire",1984,36543.2748913921
"Vermont",1984,33370.999143756
"Massachusetts",1984,40973.4303398812
"Rhode Island",1984,34448.5029962773
"Connecticut",1984,43200.4998075429
"New York",1984,35060.5576169743
"New Jersey",1984,39728.9403507015
"Pennsylvania",1984,33864.2606204435
"Ohio",1984,36427.7096453701
"Indiana",1984,32851.3694278818
"Illinois",1984,38499.826371643
"Michigan",1984,35384.6556535868
"Wisconsin",1984,36251.8379063252
"Minnesota",1984,37547.383720087
"Iowa",1984,34344.136322349
"Missouri",1984,33393.3687348023
"North Dakota",1984,34074.5930290385
"South Dakota",1984,30267.3846066534
"Nebraska",1984,33568.1135444149
"Kansas",1984,34604.7177576445
"Delaware",1984,37987.062734476
"Maryland",1984,45432.7242981418
"District of Columbia",1984,42050.1402888778
"Virginia",1984,40392.9146681137
"West Virginia",1984,28140.7439005727
"North Carolina",1984,31229.696785854
"South Carolina",1984,28864.8699187548
"Georgia",1984,34079.2996237471
"Florida",1984,33370.6707204123
"Kentucky",1984,31799.2864900403
"Tennessee",1984,30445.1397974798
"Alabama",1984,29962.8282812843
"Mississippi",1984,27587.5149935111
"Arkansas",1984,27044.5617845139
"Louisiana",1984,31788.8634057784
"Oklahoma",1984,35522.0773951247
"Texas",1984,36473.2175275093
"Montana",1984,31393.5437056797
"Idaho",1984,31268.967984829
"Wyoming",1984,37596.7018157443
"Colorado",1984,40638.6090657912
"New Mexico",1984,31257.1791065533
"Arizona",1984,34465.0019459887
"Utah",1984,34575.1267854792
"Nevada",1984,39664.0744454899
"Washington",1984,39299.3461937976
"Oregon",1984,34919.1882919024
"California",1984,38794.373355024
"Alaska",1984,49146.8904486399
"Hawaii",1984,37208.8975428214
"Maine",1985,34634.9044370494
"New Hampshire",1985,40393.7258022492
"Vermont",1985,36351.1916043413
"Massachusetts",1985,43285.5715060597
"Rhode Island",1985,37080.5670368804
"Connecticut",1985,49025.2600882741
"New York",1985,38645.8142201624
"New Jersey",1985,43619.9735207448
"Pennsylvania",1985,34866.9268414409
"Ohio",1985,38313.4148055101
"Indiana",1985,37183.2310315551
"Illinois",1985,39069.3597288333
"Michigan",1985,38407.8381158676
"Wisconsin",1985,36369.0107760397
"Minnesota",1985,39899.3728718077
"Iowa",1985,36054.8059386334
"Missouri",1985,36755.1977593896
"North Dakota",1985,34271.6653068469
"South Dakota",1985,32349.4139227362
"Nebraska",1985,35954.2577508253
"Kansas",1985,39854.3767348863
"Delaware",1985,39474.568431906
"Maryland",1985,48874.3087180648
"District of Columbia",1985,43435.1389185437
"Virginia",1985,43170.0757416273
"West Virginia",1985,30428.8317419461
"North Carolina",1985,35292.8984850754
"South Carolina",1985,35753.0484379071
"Georgia",1985,36685.4299380216
"Florida",1985,37805.9751608518
"Kentucky",1985,32270.0924305445
"Tennessee",1985,33120.6003210156
"Alabama",1985,30985.1739214874
"Mississippi",1985,27671.6434660714
"Arkansas",1985,29438.2092484093
"Louisiana",1985,34608.0806359412
"Oklahoma",1985,39690.685546249
"Texas",1985,37800.7149194433
"Montana",1985,34884.9633845882
"Idaho",1985,32988.6322460886
"Wyoming",1985,40187.072317349
"Colorado",1985,43422.6283184434
"New Mexico",1985,34681.1128017188
"Arizona",1985,37032.8769881114
"Utah",1985,37762.145100733
"Nevada",1985,42381.2314523476
"Washington",1985,43010.1226598897
"Oregon",1985,37943.9933726199
"California",1985,41873.3177901161
"Alaska",1985,56705.5591856816
"Hawaii",1985,41532.7865379189
"Maine",1986,32057.3482572269
"New Hampshire",1986,39264.7156203031
"Vermont",1986,39087.9181195079
"Massachusetts",1986,41983.5102541548
"Rhode Island",1986,35260.1696561203
"Connecticut",1986,46413.1412515045
"New York",1986,38070.1918440295
"New Jersey",1986,42993.8112106159
"Pennsylvania",1986,35499.2424625845
"Ohio",1986,37068.549858706
"Indiana",1986,35751.0695965853
"Illinois",1986,37693.6215474348
"Michigan",1986,38226.7617758268
"Wisconsin",1986,36969.7263666337
"Minnesota",1986,38506.3297779398
"Iowa",1986,33015.4857260699
"Missouri",1986,34562.8193591944
"North Dakota",1986,33894.2278037495
"South Dakota",1986,29754.9631882105
"Nebraska",1986,33291.9292900057
"Kansas",1986,38137.3343106804
"Delaware",1986,37396.5841196857
"Maryland",1986,45514.5411624451
"District of Columbia",1986,42077.6341454822
"Virginia",1986,41830.8170737543
"West Virginia",1986,26935.688848406
"North Carolina",1986,33724.9355341294
"South Carolina",1986,34020.6827859087
"Georgia",1986,34715.1229410252
"Florida",1986,36342.3675343844
"Kentucky",1986,29683.5479523283
"Tennessee",1986,30380.7916868096
"Alabama",1986,30116.118972327
"Mississippi",1986,27292.017072853
"Arkansas",1986,28816.2510598148
"Louisiana",1986,33445.490647835
"Oklahoma",1986,34550.1128529008
"Texas",1986,36128.5849294683
"Montana",1986,33375.0545505771
"Idaho",1986,31117.0727146724
"Wyoming",1986,36515.8099632
"Colorado",1986,43602.2965460605
"New Mexico",1986,33439.8373330069
"Arizona",1986,37815.1567644354
"Utah",1986,37369.40142384
"Nevada",1986,39006.0503377764
"Washington",1986,41151.6476003692
"Oregon",1986,37281.8702281401
"California",1986,40320.8385162881
"Alaska",1986,54637.4763812885
"Hawaii",1986,39185.4110066655
"Maine",1987,35654.3636782361
"New Hampshire",1987,43477.75488525
"Vermont",1987,37711.255374
"Massachusetts",1987,43767.2593257687
"Rhode Island",1987,38992.2219252107
"Connecticut",1987,47597.876314854
"New York",1987,40066.5743572093
"New Jersey",1987,44629.2345012911
"Pennsylvania",1987,36846.100342704
"Ohio",1987,37308.2999733104
"Indiana",1987,34594.1366000766
"Illinois",1987,39661.2506382981
"Michigan",1987,39983.2664588064
"Wisconsin",1987,38117.1989147151
"Minnesota",1987,41119.8501228632
"Iowa",1987,35878.7767318414
"Missouri",1987,35352.9621763424
"North Dakota",1987,33572.3085454316
"South Dakota",1987,30639.7104964233
"Nebraska",1987,34541.7332697221
"Kansas",1987,37519.0740966992
"Delaware",1987,39686.8579373198
"Maryland",1987,46173.7623083029
"District of Columbia",1987,48524.7345916148
"Virginia",1987,43794.9756666232
"West Virginia",1987,28104.6676695192
"North Carolina",1987,34443.3774504672
"South Carolina",1987,35051.6931631324
"Georgia",1987,37782.238374863
"Florida",1987,37837.380631189
"Kentucky",1987,30601.3712982162
"Tennessee",1987,30026.0421971031
"Alabama",1987,32190.3080070567
"Mississippi",1987,28072.2076912608
"Arkansas",1987,29418.7121425936
"Louisiana",1987,34976.2823298441
"Oklahoma",1987,34538.5185142135
"Texas",1987,35663.6202612324
"Montana",1987,33993.643855528
"Idaho",1987,30294.7427210074
"Wyoming",1987,37908.2173657256
"Colorado",1987,43230.3691790971
"New Mexico",1987,31667.4563198883
"Arizona",1987,39174.3346372506
"Utah",1987,37437.1971629235
"Nevada",1987,43300.3105059128
"Washington",1987,42117.1767025396
"Oregon",1987,37158.3630775191
"California",1987,42199.8840563348
"Alaska",1987,52708.4097503294
"Hawaii",1987,40979.9189402087
"Maine",1988,35938.5795104249
"New Hampshire",1988,44322.2737328297
"Vermont",1988,38286.5330475
"Massachusetts",1988,45867.6911911699
"Rhode Island",1988,40144.0527898596
"Connecticut",1988,48016.5040742051
"New York",1988,40982.0858793248
"New Jersey",1988,46145.4012724327
"Pennsylvania",1988,37322.2802619598
"Ohio",1988,38385.5449089146
"Indiana",1988,35327.1300134506
"Illinois",1988,40597.5087175846
"Michigan",1988,41074.4405305821
"Wisconsin",1988,37787.8547025868
"Minnesota",1988,42499.4527968604
"Iowa",1988,34917.5467879794
"Missouri",1988,37164.2829453896
"North Dakota",1988,33279.6756220672
"South Dakota",1988,32877.908377143
"Nebraska",1988,36093.6536092331
"Kansas",1988,39019.5737176901
"Delaware",1988,40726.8485801163
"Maryland",1988,48168.6610899082
"District of Columbia",1988,48465.6857544099
"Virginia",1988,44552.5270258793
"West Virginia",1988,28991.0340213405
"North Carolina",1988,36125.4210301927
"South Carolina",1988,35379.4213013896
"Georgia",1988,39033.7272110407
"Florida",1988,39047.504135066
"Kentucky",1988,31428.8413413203
"Tennessee",1988,33687.9413314612
"Alabama",1988,32487.0573058039
"Mississippi",1988,29169.109303968
"Arkansas",1988,31056.3149375837
"Louisiana",1988,34302.4071198734
"Oklahoma",1988,34483.0802217715
"Texas",1988,35750.3597124242
"Montana",1988,32850.5727863991
"Idaho",1988,32299.1748763868
"Wyoming",1988,40362.2823536181
"Colorado",1988,42348.4355102606
"New Mexico",1988,32186.6815431512
"Arizona",1988,40102.3479989275
"Utah",1988,38338.2094322686
"Nevada",1988,41171.6131520182
"Washington",1988,41576.5344174283
"Oregon",1988,36870.7753211051
"California",1988,42965.056500076
"Alaska",1988,52458.3045558665
"Hawaii",1988,44017.3058150009
"Maine",1989,37779.8854004364
"New Hampshire",1989,45836.6640993991
"Vermont",1989,40197.7019628435
"Massachusetts",1989,46916.036175327
"Rhode Island",1989,40910.9413925161
"Connecticut",1989,50194.2212797808
"New York",1989,41554.1879134179
"New Jersey",1989,47945.7496716037
"Pennsylvania",1989,38363.5520084328
"Ohio",1989,38973.6397591954
"Indiana",1989,35775.7371611116
"Illinois",1989,41819.7945266014
"Michigan",1989,41088.0144482833
"Wisconsin",1989,39332.189184896
"Minnesota",1989,40857.362883574
"Iowa",1989,37329.7545160874
"Missouri",1989,36387.0065136762
"North Dakota",1989,34431.6707086579
"South Dakota",1989,33806.5116864767
"Nebraska",1989,37309.8193375953
"Kansas",1989,39243.3153979277
"Delaware",1989,44566.6957181333
"Maryland",1989,46881.3641669591
"District of Columbia",1989,49290.967341619
"Virginia",1989,46312.7420437015
"West Virginia",1989,29885.2242442898
"North Carolina",1989,36522.6863938079
"South Carolina",1989,36781.1687257515
"Georgia",1989,38440.7926382396
"Florida",1989,38733.5026570847
"Kentucky",1989,31216.5965359419
"Tennessee",1989,33650.7663666716
"Alabama",1989,30849.8736519176
"Mississippi",1989,29348.0252866723
"Arkansas",1989,30771.1883548158
"Louisiana",1989,34036.6717166082
"Oklahoma",1989,35705.1134287822
"Texas",1989,34603.5277198812
"Montana",1989,33571.9068129032
"Idaho",1989,33586.1696135772
"Wyoming",1989,37813.9060902279
"Colorado",1989,40688.4383033674
"New Mexico",1989,30968.9266561771
"Arizona",1989,38984.5780500237
"Utah",1989,36594.969984333
"Nevada",1989,41020.4288672571
"Washington",1989,43978.7682207134
"Oregon",1989,38999.6669722597
"California",1989,42323.4715915087
"Alaska",1989,51089.1848362293
"Hawaii",1989,41311.3332395819
"Maine",1990,38567.3652469384
"New Hampshire",1990,47226.559094719
"Vermont",1990,42255.9463090909
"Massachusetts",1990,48480.5400382412
"Rhode Island",1990,41034.0437607923
"Connecticut",1990,52565.5112347944
"New York",1990,43048.4042582812
"New Jersey",1990,49039.2425022423
"Pennsylvania",1990,39569.2867962691
"Ohio",1990,39362.9628905885
"Indiana",1990,35394.1831212593
"Illinois",1990,42608.0516287044
"Michigan",1990,40855.3852619762
"Wisconsin",1990,39462.7172917773
"Minnesota",1990,41690.558760591
"Iowa",1990,37009.7086676009
"Missouri",1990,37300.6455694391
"North Dakota",1990,33925.7689132786
"South Dakota",1990,33609.7198579696
"Nebraska",1990,37694.6062956664
"Kansas",1990,40269.3575679086
"Delaware",1990,43041.4595047361
"Maryland",1990,47517.9315817655
"District of Columbia",1990,45591.2633625279
"Virginia",1990,46907.6109351872
"West Virginia",1990,29975.9390914335
"North Carolina",1990,36872.3031253695
"South Carolina",1990,35881.7947359898
"Georgia",1990,39568.2141488753
"Florida",1990,37798.6215192346
"Kentucky",1990,33426.7642237879
"Tennessee",1990,34031.9016844106
"Alabama",1990,31967.7915505987
"Mississippi",1990,30777.2791532605
"Arkansas",1990,31753.3258234823
"Louisiana",1990,32881.5007542353
"Oklahoma",1990,36644.896557832
"Texas",1990,35264.2165125137
"Montana",1990,34146.9678706167
"Idaho",1990,34912.8249080477
"Wyoming",1990,38833.0123224802
"Colorado",1990,42298.4825672871
"New Mexico",1990,33708.541555434
"Arizona",1990,39086.8990638022
"Utah",1990,38776.683119436
"Nevada",1990,41585.7278128054
"Washington",1990,43818.3195947196
"Oregon",1990,39263.5199217989
"California",1990,42624.877859051
"Alaska",1990,51213.4728749337
"Hawaii",1990,43439.9284084553
"Maine",1991,37180.9645329982
"New Hampshire",1991,46544.6756803636
"Vermont",1991,40325.6131878821
"Massachusetts",1991,45209.1533857965
"Rhode Island",1991,41488.8104930794
"Connecticut",1991,50853.4722190643
"New York",1991,40892.1511123339
"New Jersey",1991,46870.6623030744
"Pennsylvania",1991,38183.5839559781
"Ohio",1991,39496.5313047698
"Indiana",1991,34938.8141470491
"Illinois",1991,42196.3646538914
"Michigan",1991,40070.0637861738
"Wisconsin",1991,39635.7466911105
"Minnesota",1991,42030.717021937
"Iowa",1991,36765.1360867694
"Missouri",1991,36942.5413107617
"North Dakota",1991,35007.061453306
"South Dakota",1991,33642.5521565404
"Nebraska",1991,36536.9091598234
"Kansas",1991,40897.2534847605
"Delaware",1991,41101.7041292043
"Maryland",1991,48084.7987353765
"District of Columbia",1991,43722.3047002557
"Virginia",1991,42978.2902208933
"West Virginia",1991,29468.09011216
"North Carolina",1991,35808.7118792018
"South Carolina",1991,35350.1070559113
"Georgia",1991,37855.7267041395
"Florida",1991,36743.0032804907
"Kentucky",1991,32916.1180790794
"Tennessee",1991,32707.8147580656
"Alabama",1991,30514.7946625544
"Mississippi",1991,28344.8012619002
"Arkansas",1991,30656.8847045278
"Louisiana",1991,33582.9468988901
"Oklahoma",1991,35012.8131273206
"Texas",1991,34988.5419991923
"Montana",1991,32569.507257804
"Idaho",1991,33310.541437349
"Wyoming",1991,39337.5218768067
"Colorado",1991,41926.8830674517
"New Mexico",1991,32895.3227769619
"Arizona",1991,38684.1305152289
"Utah",1991,35930.8326751322
"Nevada",1991,41239.9796265827
"Washington",1991,41871.2368967219
"Oregon",1991,39227.7556182457
"California",1991,41525.4314968345
"Alaska",1991,51840.2922033687
"Hawaii",1991,47132.4756241506
"Maine",1992,35079.866723458
"New Hampshire",1992,42836.4042279339
"Vermont",1992,36341.7993230214
"Massachusetts",1992,43593.4938581304
"Rhode Island",1992,39635.7957506139
"Connecticut",1992,46488.572809598
"New York",1992,40182.7372483134
"New Jersey",1992,45331.422849405
"Pennsylvania",1992,37101.1408758183
"Ohio",1992,37780.7062970869
"Indiana",1992,35213.812892691
"Illinois",1992,39876.3251436074
"Michigan",1992,40119.6352570281
"Wisconsin",1992,39328.2704275352
"Minnesota",1992,38998.9261130318
"Iowa",1992,36132.4295585381
"Missouri",1992,36930.6957805177
"North Dakota",1992,32427.4414953329
"South Dakota",1992,32224.6666504922
"Nebraska",1992,36103.6024663584
"Kansas",1992,38446.9711116734
"Delaware",1992,41915.1343092372
"Maryland",1992,44622.4388753729
"District of Columbia",1992,49749.2989080627
"Virginia",1992,42116.0564517786
"West Virginia",1992,28869.5419844708
"North Carolina",1992,35185.0555414184
"South Carolina",1992,34488.6126297436
"Georgia",1992,36009.9561404739
"Florida",1992,35919.4637341127
"Kentucky",1992,32337.1884740845
"Tennessee",1992,32638.5422367363
"Alabama",1992,31588.7404950306
"Mississippi",1992,27299.838227184
"Arkansas",1992,31466.3292631445
"Louisiana",1992,33616.9645549901
"Oklahoma",1992,34248.5922180074
"Texas",1992,33752.6833519196
"Montana",1992,33921.495412353
"Idaho",1992,32601.1594663729
"Wyoming",1992,36740.6077301643
"Colorado",1992,42115.2040369877
"New Mexico",1992,32257.0712794149
"Arizona",1992,37055.3884762726
"Utah",1992,33710.6704357783
"Nevada",1992,40450.0819476226
"Washington",1992,43642.1467866623
"Oregon",1992,37693.5610277757
"California",1992,39407.9113954858
"Alaska",1992,49802.532518114
"Hawaii",1992,44187.6106114317
"Maine",1993,34608.6417533814
"New Hampshire",1993,42740.6699857895
"Vermont",1993,36511.3181374701
"Massachusetts",1993,44941.5653503572
"Rhode Island",1993,36749.8518094433
"Connecticut",1993,47176.065565775
"New York",1993,39390.7780226854
"New Jersey",1993,44368.772932625
"Pennsylvania",1993,36893.1804278584
"Ohio",1993,38236.9383853008
"Indiana",1993,35058.8105097855
"Illinois",1993,40180.2320806636
"Michigan",1993,39830.1673521604
"Wisconsin",1993,40069.298008915
"Minnesota",1993,39858.6300197288
"Iowa",1993,34299.4759203219
"Missouri",1993,35502.7688984882
"North Dakota",1993,33631.2104246483
"South Dakota",1993,32428.3251906332
"Nebraska",1993,36293.9810770806
"Kansas",1993,38359.1392486813
"Delaware",1993,43602.5528445662
"Maryland",1993,43030.3746452566
"District of Columbia",1993,50436.4135713136
"Virginia",1993,44034.0675532724
"West Virginia",1993,27423.8188504751
"North Carolina",1993,35974.7012520407
"South Carolina",1993,34307.1627092062
"Georgia",1993,37624.5551630312
"Florida",1993,35156.7197250162
"Kentucky",1993,32747.2527333454
"Tennessee",1993,32169.8650499704
"Alabama",1993,32487.4231519985
"Mississippi",1993,28514.1906617149
"Arkansas",1993,31070.1654244765
"Louisiana",1993,32587.5383345988
"Oklahoma",1993,33540.1918469428
"Texas",1993,33444.7892490903
"Montana",1993,35241.4289385719
"Idaho",1993,34242.6447285145
"Wyoming",1993,37354.1081694687
"Colorado",1993,41174.685064553
"New Mexico",1993,33810.8838928992
"Arizona",1993,37071.4490523861
"Utah",1993,38147.0104338405
"Nevada",1993,38172.0680725186
"Washington",1993,44178.606750148
"Oregon",1993,40042.7895111905
"California",1993,38799.0837792817
"Alaska",1993,49772.9855667153
"Hawaii",1993,45021.7881966865
"Maine",1994,33686.8116684614
"New Hampshire",1994,41981.1071359638
"Vermont",1994,38375.1173269043
"Massachusetts",1994,44786.6838263208
"Rhode Island",1994,39981.7861592238
"Connecticut",1994,45796.2323725135
"New York",1994,39394.159594398
"New Jersey",1994,46391.3549642162
"Pennsylvania",1994,37612.9853026986
"Ohio",1994,38759.0452222957
"Indiana",1994,34542.0554624
"Illinois",1994,39629.8673322933
"Michigan",1994,39706.9649343576
"Wisconsin",1994,39940.9446133232
"Minnesota",1994,41567.4369385975
"Iowa",1994,35301.7567232711
"Missouri",1994,34739.3705735297
"North Dakota",1994,34571.4099961917
"South Dakota",1994,34766.039529311
"Nebraska",1994,36734.1208494741
"Kansas",1994,38257.2183446077
"Delaware",1994,41076.065334
"Maryland",1994,45323.2638630899
"District of Columbia",1994,49394.7736738769
"Virginia",1994,42435.336183371
"West Virginia",1994,29664.1214726103
"North Carolina",1994,36184.7617362276
"South Carolina",1994,35312.0640650861
"Georgia",1994,38632.7781403384
"Florida",1994,35739.1300211274
"Kentucky",1994,32687.1341750323
"Tennessee",1994,34538.3652425868
"Alabama",1994,32016.4111445701
"Mississippi",1994,29898.8262555475
"Arkansas",1994,29747.3442913253
"Louisiana",1994,32324.6566564903
"Oklahoma",1994,32779.4187237545
"Texas",1994,34323.3293285849
"Montana",1994,35056.2406920529
"Idaho",1994,36374.0148844687
"Wyoming",1994,35445.1974028696
"Colorado",1994,42952.2535476542
"New Mexico",1994,34131.421300382
"Arizona",1994,36836.8682430949
"Utah",1994,37677.357806822
"Nevada",1994,40622.8554532284
"Washington",1994,42954.7549582423
"Oregon",1994,40280.7858480155
"California",1994,38613.9970785584
"Alaska",1994,50229.9647615436
"Hawaii",1994,43825.9863469113
"Maine",1995,36565.1867660319
"New Hampshire",1995,43116.7073886154
"Vermont",1995,42022.9322408935
"Massachusetts",1995,45269.8106003364
"Rhode Island",1995,41392.2343791506
"Connecticut",1995,48733.1738107188
"New York",1995,40034.9718213193
"New Jersey",1995,47055.3990196177
"Pennsylvania",1995,38255.3664805767
"Ohio",1995,39104.3710677308
"Indiana",1995,37882.5838247234
"Illinois",1995,42049.1356590422
"Michigan",1995,41457.6726139686
"Wisconsin",1995,42029.191045547
"Minnesota",1995,41261.1234700122
"Iowa",1995,39487.5015944322
"Missouri",1995,35831.8287621885
"North Dakota",1995,34342.9625694607
"South Dakota",1995,35475.8255058587
"Nebraska",1995,37501.7305640092
"Kansas",1995,36818.0667331442
"Delaware",1995,41047.9198640544
"Maryland",1995,44300.5208488247
"District of Columbia",1995,47563.0199082678
"Virginia",1995,46377.2148016932
"West Virginia",1995,29801.0687971745
"North Carolina",1995,37227.7164281658
"South Carolina",1995,36462.746541375
"Georgia",1995,39072.8342965026
"Florida",1995,36967.9008683094
"Kentucky",1995,34768.0831694098
"Tennessee",1995,35872.3986453859
"Alabama",1995,34031.5669124338
"Mississippi",1995,31913.1240140439
"Arkansas",1995,31471.2549232576
"Louisiana",1995,33650.9493976695
"Oklahoma",1995,34751.9127082339
"Texas",1995,34951.5149056185
"Montana",1995,33672.7141903195
"Idaho",1995,37852.610074345
"Wyoming",1995,38976.3691903416
"Colorado",1995,45652.3542996639
"New Mexico",1995,31539.6465594366
"Arizona",1995,36866.5931013398
"Utah",1995,38830.57723147
"Nevada",1995,40007.1322508832
"Washington",1995,40883.713254774
"Oregon",1995,37658.8600816642
"California",1995,38669.3342540578
"Alaska",1995,50874.0529371597
"Hawaii",1995,41892.4200635005
"Maine",1996,37053.477118225
"New Hampshire",1996,45126.8697186288
"Vermont",1996,41436.1613722949
"Massachusetts",1996,48328.5121259692
"Rhode Island",1996,41380.5206780958
"Connecticut",1996,48849.2239705925
"New York",1996,42745.032049794
"New Jersey",1996,48032.1647533142
"Pennsylvania",1996,42479.2173397104
"Ohio",1996,42853.2264682418
"Indiana",1996,42767.9756989821
"Illinois",1996,46289.9421360219
"Michigan",1996,45577.2582102388
"Wisconsin",1996,46304.5839671353
"Minnesota",1996,46355.4582792171
"Iowa",1996,41390.6484554458
"Missouri",1996,39523.8439949376
"North Dakota",1996,37298.1647886347
"South Dakota",1996,34904.7949007088
"Nebraska",1996,39706.951309791
"Kansas",1996,42258.7131469026
"Delaware",1996,42267.8497657346
"Maryland",1996,51301.552175873
"District of Columbia",1996,51773.0040829424
"Virginia",1996,45176.3945401557
"West Virginia",1996,31579.7523363676
"North Carolina",1996,40457.4580686792
"South Carolina",1996,35483.7574603749
"Georgia",1996,39817.7171179535
"Florida",1996,37961.4326727208
"Kentucky",1996,38353.9135376905
"Tennessee",1996,39727.8842675556
"Alabama",1996,36935.5944007433
"Mississippi",1996,31650.5629891436
"Arkansas",1996,33205.0129537971
"Louisiana",1996,34494.1739791592
"Oklahoma",1996,36313.452223875
"Texas",1996,37467.8221799512
"Montana",1996,35641.1760406588
"Idaho",1996,37389.2149270833
"Wyoming",1996,39163.0879934974
"Colorado",1996,48074.0595735446
"New Mexico",1996,32410.4485941121
"Arizona",1996,38781.008681004
"Utah",1996,41206.1752103961
"Nevada",1996,44331.3320382379
"Washington",1996,43542.684108514
"Oregon",1996,41583.5347094809
"California",1996,41731.3194950072
"Alaska",1996,54479.8980206188
"Hawaii",1996,43664.2694615625
"Maine",1997,38895.0062380123
"New Hampshire",1997,44460.29760278
"Vermont",1997,38416.9815742009
"Massachusetts",1997,50082.6310930295
"Rhode Island",1997,41636.6068191268
"Connecticut",1997,53820.466312
"New York",1997,44254.149447329
"New Jersey",1997,48741.7187809349
"Pennsylvania",1997,45697.7302795072
"Ohio",1997,43618.5821902621
"Indiana",1997,42245.253366457
"Illinois",1997,46511.0826568446
"Michigan",1997,46710.5920462221
"Wisconsin",1997,45531.1054965196
"Minnesota",1997,46675.1551402775
"Iowa",1997,40562.7178650104
"Missouri",1997,40392.7005787812
"North Dakota",1997,36979.3169727907
"South Dakota",1997,35214.2611994032
"Nebraska",1997,38946.3759461854
"Kansas",1997,43183.466254368
"Delaware",1997,46852.1245108815
"Maryland",1997,52625.1403313302
"District of Columbia",1997,50517.7224368155
"Virginia",1997,46056.4002081019
"West Virginia",1997,33340.0142372117
"North Carolina",1997,41801.8803249838
"South Carolina",1997,40449.1819887555
"Georgia",1997,42585.196605025
"Florida",1997,38834.8834249239
"Kentucky",1997,36464.2561562876
"Tennessee",1997,37915.5707558222
"Alabama",1997,39597.2889694133
"Mississippi",1997,33226.6412133718
"Arkansas",1997,31483.727553947
"Louisiana",1997,36050.2736743079
"Oklahoma",1997,36823.304449654
"Texas",1997,39760.3862119863
"Montana",1997,35945.4300385522
"Idaho",1997,38376.9032109398
"Wyoming",1997,37400.9026825146
"Colorado",1997,45070.0319071872
"New Mexico",1997,32932.1615578525
"Arizona",1997,38384.0887757127
"Utah",1997,39998.270979142
"Nevada",1997,42736.0184657561
"Washington",1997,46265.327239615
"Oregon",1997,44130.0380918961
"California",1997,42331.5959488812
"Alaska",1997,55709.6992373635
"Hawaii",1997,39757.8947675125
"Maine",1998,39204.6811878367
"New Hampshire",1998,48368.781698649
"Vermont",1998,41085.0562577481
"Massachusetts",1998,50257.0156755108
"Rhode Island",1998,47752.9516271039
"Connecticut",1998,51387.2248248053
"New York",1998,45377.2323110417
"New Jersey",1998,52792.3367836029
"Pennsylvania",1998,44903.8247036834
"Ohio",1998,45718.269053784
"Indiana",1998,41354.9297286504
"Illinois",1998,48578.8107746197
"Michigan",1998,44824.5611886256
"Wisconsin",1998,47354.4588337345
"Minnesota",1998,47870.9554475986
"Iowa",1998,41274.3035203345
"Missouri",1998,42672.4450258558
"North Dakota",1998,36672.3955851532
"South Dakota",1998,38547.3063905789
"Nebraska",1998,40593.1429462883
"Kansas",1998,45365.4960448217
"Delaware",1998,50518.1311520092
"Maryland",1998,52697.1128167514
"District of Columbia",1998,53091.1770431594
"Virginia",1998,50202.79237736
"West Virginia",1998,33349.9569535498
"North Carolina",1998,44126.4091845284
"South Carolina",1998,39576.2302270356
"Georgia",1998,43698.4458225743
"Florida",1998,41328.8402031439
"Kentucky",1998,41751.0457664673
"Tennessee",1998,39169.8670480506
"Alabama",1998,39550.8865143998
"Mississippi",1998,35403.0569995954
"Arkansas",1998,31469.8422984554
"Louisiana",1998,41394.2345331664
"Oklahoma",1998,39667.9821139588
"Texas",1998,40071.1362208054
"Montana",1998,35738.7134446753
"Idaho",1998,37766.3999594333
"Wyoming",1998,37748.8555170202
"Colorado",1998,51279.6863893439
"New Mexico",1998,34603.9940448238
"Arizona",1998,39721.6842255
"Utah",1998,43705.9615454835
"Nevada",1998,45424.0053191913
"Washington",1998,50424.5461194704
"Oregon",1998,44859.800725532
"California",1998,43146.0039817203
"Alaska",1998,54564.0449272896
"Hawaii",1998,41095.0161597802
"Maine",1999,42058.2841071351
"New Hampshire",1999,51589.3358265964
"Vermont",1999,46095.4791308645
"Massachusetts",1999,49108.1479270137
"Rhode Island",1999,49627.3562373482
"Connecticut",1999,56035.2157196585
"New York",1999,45576.4809184891
"New Jersey",1999,54179.6921160546
"Pennsylvania",1999,45447.4554992842
"Ohio",1999,49643.5247616906
"Indiana",1999,43430.9170934225
"Illinois",1999,49192.3911572849
"Michigan",1999,49172.7369304711
"Wisconsin",1999,47484.3618032477
"Minnesota",1999,51030.1156297418
"Iowa",1999,44272.7924462817
"Missouri",1999,45402.0177406603
"North Dakota",1999,38816.7748830159
"South Dakota",1999,41424.0017570819
"Nebraska",1999,42253.3201930468
"Kansas",1999,46816.8708054648
"Delaware",1999,42331.149498559
"Maryland",1999,53899.1407588544
"District of Columbia",1999,60547.6926669423
"Virginia",1999,52891.0431961104
"West Virginia",1999,33450.0647825997
"North Carolina",1999,44050.7059218811
"South Carolina",1999,42023.0937657332
"Georgia",1999,44479.5939085657
"Florida",1999,40704.4354219229
"Kentucky",1999,42361.2787704136
"Tennessee",1999,39277.965742073
"Alabama",1999,41710.9621934156
"Mississippi",1999,35647.3803552653
"Arkansas",1999,35108.5317412925
"Louisiana",1999,37014.8302127233
"Oklahoma",1999,42017.9325225507
"Texas",1999,41446.2137099458
"Montana",1999,35464.4632817913
"Idaho",1999,41118.3659235064
"Wyoming",1999,42509.5215503064
"Colorado",1999,51426.5556858597
"New Mexico",1999,35426.5805409874
"Arizona",1999,42264.1672549539
"Utah",1999,42584.1912680032
"Nevada",1999,45492.0520035438
"Washington",1999,49850.6994928094
"Oregon",1999,45300.0248399767
"California",1999,44478.7421486465
"Alaska",1999,56032.4815570379
"Hawaii",1999,41750.4746151363
"Maine",2000,43047.8710108374
"New Hampshire",2000,51114.963559322
"Vermont",2000,43813.7930657895
"Massachusetts",2000,51731.1694177215
"Rhode Island",2000,47324.7991179596
"Connecticut",2000,57652.1149746094
"New York",2000,46497.8470304266
"New Jersey",2000,53071.0037701987
"Pennsylvania",2000,45796.6691993654
"Ohio",2000,46668.345900264
"Indiana",2000,42280.0274160584
"Illinois",2000,49676.8732937685
"Michigan",2000,51273.3015088813
"Wisconsin",2000,48526.5876551205
"Minnesota",2000,50147.0334865073
"Iowa",2000,44777.837384874
"Missouri",2000,44967.8892682927
"North Dakota",2000,36667.8469684968
"South Dakota",2000,38203.4673902027
"Nebraska",2000,41551.1963047619
"Kansas",2000,42787.1555138662
"Delaware",2000,48005.960886619
"Maryland",2000,56600.3270285189
"District of Columbia",2000,56763.4086460554
"Virginia",2000,53608.5457774706
"West Virginia",2000,34408.3151563981
"North Carolina",2000,43885.2582222222
"South Carolina",2000,40534.7687863777
"Georgia",2000,42360.0293571429
"Florida",2000,41956.3532450832
"Kentucky",2000,39188.0222570736
"Tennessee",2000,42809.7539187898
"Alabama",2000,38542.1000214889
"Mississippi",2000,35849.0551456835
"Arkansas",2000,35345.445570523
"Louisiana",2000,38579.8760578313
"Oklahoma",2000,39906.149260745
"Texas",2000,40467.8315396456
"Montana",2000,35978.1130608
"Idaho",2000,38709.4586820476
"Wyoming",2000,40410.1998721615
"Colorado",2000,50861.4419345157
"New Mexico",2000,37126.627024924
"Arizona",2000,39526.2169547511
"Utah",2000,41954.140921875
"Nevada",2000,43402.2690040761
"Washington",2000,49417.1842555282
"Oregon",2000,45101.779573854
"California",2000,43866.4355333405
"Alaska",2000,56715.9495400184
"Hawaii",2000,46464.1798347458
"Maine",2001,43623.7984511862
"New Hampshire",2001,57592.3904834628
"Vermont",2001,46762.940080791
"Massachusetts",2001,54935.7418336361
"Rhode Island",2001,51362.635147839
"Connecticut",2001,57411.0745143373
"New York",2001,47705.1456323438
"New Jersey",2001,55701.4282316805
"Pennsylvania",2001,49089.7083725957
"Ohio",2001,47808.3786241125
"Indiana",2001,47272.0119856806
"Illinois",2001,50411.080375159
"Michigan",2001,50764.7731257429
"Wisconsin",2001,50181.8447714271
"Minnesota",2001,56377.7898953931
"Iowa",2001,45972.8452992986
"Missouri",2001,48211.3550906892
"North Dakota",2001,39546.4506610265
"South Dakota",2001,40112.5495347134
"Nebraska",2001,46988.0129657995
"Kansas",2001,47324.9435485309
"Delaware",2001,51707.7946294533
"Maryland",2001,61150.5822933762
"District of Columbia",2001,54218.9873983928
"Virginia",2001,53890.8474083862
"West Virginia",2001,36009.6750399321
"North Carolina",2001,41634.8315568115
"South Carolina",2001,42216.7878767397
"Georgia",2001,45105.205421171
"Florida",2001,44360.190540178
"Kentucky",2001,43235.9882339591
"Tennessee",2001,43888.6994149238
"Alabama",2001,39718.8747023515
"Mississippi",2001,37257.9464979577
"Arkansas",2001,37737.0975563861
"Louisiana",2001,37599.7068110633
"Oklahoma",2001,41135.3444294444
"Texas",2001,42816.5109024045
"Montana",2001,37172.7815275528
"Idaho",2001,43437.8199249746
"Wyoming",2001,41293.9252860476
"Colorado",2001,52807.7474622498
"New Mexico",2001,35075.9092230334
"Arizona",2001,42680.2507172358
"Utah",2001,46946.5012932671
"Nevada",2001,46217.1003968613
"Washington",2001,49446.7929262477
"Oregon",2001,49266.069616022
"California",2001,47951.8519959335
"Alaska",2001,53274.8468003923
"Hawaii",2001,45384.3568270373
"Maine",2002,42505.1145729231
"New Hampshire",2002,56254.5652064388
"Vermont",2002,45132.0307268934
"Massachusetts",2002,57294.4219490368
"Rhode Island",2002,52003.7553758708
"Connecticut",2002,59445.3772695989
"New York",2002,47893.0053175371
"New Jersey",2002,56414.8393823705
"Pennsylvania",2002,50205.0092496721
"Ohio",2002,47096.0950148954
"Indiana",2002,48718.4917298344
"Illinois",2002,48908.3846120018
"Michigan",2002,50384.4862370435
"Wisconsin",2002,49755.332069533
"Minnesota",2002,53968.5436973746
"Iowa",2002,44076.2404045419
"Missouri",2002,46536.934010188
"North Dakota",2002,40025.9252740189
"South Dakota",2002,40318.9927225273
"Nebraska",2002,44516.2922759704
"Kansas",2002,49485.8717021129
"Delaware",2002,51697.2217580571
"Maryland",2002,60383.5949915311
"District of Columbia",2002,54270.661408247
"Virginia",2002,53367.2141802836
"West Virginia",2002,35686.0478937411
"North Carolina",2002,42441.0439211729
"South Carolina",2002,40305.4822975617
"Georgia",2002,43898.8385925766
"Florida",2002,43199.8504322675
"Kentucky",2002,43857.1177745629
"Tennessee",2002,42773.127788205
"Alabama",2002,40714.7138128359
"Mississippi",2002,35757.2129774328
"Arkansas",2002,36981.1602772854
"Louisiana",2002,38414.1857748709
"Oklahoma",2002,38825.3224386657
"Texas",2002,43762.6922574701
"Montana",2002,36118.0721507815
"Idaho",2002,41414.478408
"Wyoming",2002,39778.5624276077
"Colorado",2002,55536.5660093143
"New Mexico",2002,35650.515395256
"Arizona",2002,44585.7308224995
"Utah",2002,42866.0202846376
"Nevada",2002,45964.9940995775
"Washington",2002,50227.1018663854
"Oregon",2002,45625.7488482513
"California",2002,47354.9367396824
"Alaska",2002,54127.6715737144
"Hawaii",2002,43778.4589065305
"Maine",2003,42173.5882379964
"New Hampshire",2003,56661.5716000421
"Vermont",2003,46234.1114525463
"Massachusetts",2003,54419.6464457045
"Rhode Island",2003,47371.0346907392
"Connecticut",2003,56927.7523962122
"New York",2003,46489.8694526371
"New Jersey",2003,56738.5127025681
"Pennsylvania",2003,49552.6315621406
"Ohio",2003,47435.3898447711
"Indiana",2003,45586.427242056
"Illinois",2003,47053.9146781352
"Michigan",2003,47486.6420007253
"Wisconsin",2003,46522.7766779303
"Minnesota",2003,56129.3854086291
"Iowa",2003,43533.2539405344
"Missouri",2003,47047.2087267844
"North Dakota",2003,39659.2360818937
"South Dakota",2003,39034.4722305596
"Nebraska",2003,44084.3794797483
"Kansas",2003,47136.6451768898
"Delaware",2003,49723.4256868935
"Maryland",2003,59546.6762542991
"District of Columbia",2003,57100.9053395345
"Virginia",2003,51877.0870980842
"West Virginia",2003,34366.6084148223
"North Carolina",2003,42040.1525372118
"South Carolina",2003,39782.0090196594
"Georgia",2003,43579.7126138145
"Florida",2003,43655.6508755659
"Kentucky",2003,41732.7085968884
"Tennessee",2003,43331.4416020435
"Alabama",2003,41343.6402355893
"Mississippi",2003,36347.5775281661
"Arkansas",2003,37523.847239152
"Louisiana",2003,37275.4811890494
"Oklahoma",2003,39555.8052699808
"Texas",2003,42819.6053685287
"Montana",2003,37136.8954745032
"Idaho",2003,39274.8651843296
"Wyoming",2003,42059.8891821952
"Colorado",2003,50337.2832379756
"New Mexico",2003,37319.1666945517
"Arizona",2003,43511.1986284165
"Utah",2003,42415.2924887051
"Nevada",2003,44792.7963194702
"Washington",2003,49924.4730776412
"Oregon",2003,44023.149144867
"California",2003,46516.0351403027
"Alaska",2003,50038.3421120704
"Hawaii",2003,45791.39182853
"Maine",2004,39864.1615942894
"New Hampshire",2004,56925.2040838167
"Vermont",2004,47766.5628261864
"Massachusetts",2004,55252.8667885525
"Rhode Island",2004,47495.9251870429
"Connecticut",2004,57669.1421013585
"New York",2004,46916.2597931538
"New Jersey",2004,56564.530277744
"Pennsylvania",2004,47410.9249330526
"Ohio",2004,46296.7028333742
"Indiana",2004,45535.4827324127
"Illinois",2004,47764.6885905312
"Michigan",2004,47655.8425268324
"Wisconsin",2004,46566.9970480072
"Minnesota",2004,55289.1689396362
"Iowa",2004,44313.061197242
"Missouri",2004,45566.7962271134
"North Dakota",2004,39126.8755830437
"South Dakota",2004,42112.3266349094
"Nebraska",2004,46183.240978662
"Kansas",2004,45158.7026461545
"Delaware",2004,47928.2445482338
"Maryland",2004,57328.2904048667
"District of Columbia",2004,56327.6737721885
"Virginia",2004,51188.4498022706
"West Virginia",2004,34326.6880914035
"North Carolina",2004,40576.4496934188
"South Carolina",2004,40285.8362996617
"Georgia",2004,42671.6672381358
"Florida",2004,43440.0997502918
"Kentucky",2004,40876.3796111574
"Tennessee",2004,39331.1479943463
"Alabama",2004,41223.0082966476
"Mississippi",2004,36067.8749372188
"Arkansas",2004,37133.2832199102
"Louisiana",2004,36807.1233756645
"Oklahoma",2004,38480.1354106452
"Texas",2004,41049.5046006125
"Montana",2004,37290.3579542066
"Idaho",2004,40187.7260710143
"Wyoming",2004,43250.8424324619
"Colorado",2004,50940.1538783828
"New Mexico",2004,38079.7560652753
"Arizona",2004,45902.6412467551
"Utah",2004,43945.3498074226
"Nevada",2004,46554.3284193934
"Washington",2004,48349.1897711916
"Oregon",2004,43355.0405919482
"California",2004,46890.4953058672
"Alaska",2004,47694.2259408948
"Hawaii",2004,46029.5510137655
"Maine",2005,41695.9343231011
"New Hampshire",2005,52511.4120282927
"Vermont",2005,48653.0695015291
"Massachusetts",2005,54834.1577852213
"Rhode Island",2005,47988.3738302982
"Connecticut",2005,57717.3777719368
"New York",2005,47244.7766219318
"New Jersey",2005,56790.7856594485
"Pennsylvania",2005,46050.3881659388
"Ohio",2005,43932.4502617138
"Indiana",2005,45006.4903959642
"Illinois",2005,46534.2875844933
"Michigan",2005,46316.7092389244
"Wisconsin",2005,45191.9142330362
"Minnesota",2005,53644.7436305094
"Iowa",2005,44812.8509211933
"Missouri",2005,47030.4484471436
"North Dakota",2005,43486.403796078
"South Dakota",2005,41007.7397323396
"Nebraska",2005,44728.2199858723
"Kansas",2005,45123.1208909204
"Delaware",2005,44904.8540261889
"Maryland",2005,58538.4087448163
"District of Columbia",2005,54020.1172432226
"Virginia",2005,52089.5191157086
"West Virginia",2005,35005.8912452784
"North Carolina",2005,41704.4363280769
"South Carolina",2005,39049.1198233477
"Georgia",2005,43197.4156118234
"Florida",2005,44227.1690101135
"Kentucky",2005,38491.7033284596
"Tennessee",2005,40961.7356745821
"Alabama",2005,38325.1011460431
"Mississippi",2005,39131.3377701226
"Arkansas",2005,38739.2260486027
"Louisiana",2005,36729.683785509
"Oklahoma",2005,41674.3048512568
"Texas",2005,41042.8754175457
"Montana",2005,35796.8214273631
"Idaho",2005,42317.8077061915
"Wyoming",2005,43422.8601537921
"Colorado",2005,51903.7416174116
"New Mexico",2005,38609.6666012404
"Arizona",2005,43643.337546974
"Utah",2005,44441.5955116713
"Nevada",2005,45286.2437123624
"Washington",2005,49278.9424276213
"Oregon",2005,46049.7482879306
"California",2005,45734.9358941942
"Alaska",2005,52530.2461373435
"Hawaii",2005,46178.939500472
"Maine",2006,42294.8353369206
"New Hampshire",2006,52984.2586388577
"Vermont",2006,46807.5432767308
"Massachusetts",2006,56747.3059051289
"Rhode Island",2006,50211.843118252
"Connecticut",2006,58589.9154046588
"New York",2006,47890.6107375019
"New Jersey",2006,59286.0320321592
"Pennsylvania",2006,46592.857454479
"Ohio",2006,43598.5732176134
"Indiana",2006,42579.0661370793
"Illinois",2006,47450.8911412808
"Michigan",2006,47815.5223554082
"Wisconsin",2006,47478.5235994709
"Minnesota",2006,50566.9397344615
"Iowa",2006,45197.6220163424
"Missouri",2006,45275.5988773608
"North Dakota",2006,42975.6867352877
"South Dakota",2006,44293.0006450087
"Nebraska",2006,44095.3542578984
"Kansas",2006,44510.5834434834
"Delaware",2006,47013.7097250727
"Maryland",2006,56613.854590564
"District of Columbia",2006,60311.6633354435
"Virginia",2006,54065.2012669297
"West Virginia",2006,35496.4085815015
"North Carolina",2006,42525.8975619177
"South Carolina",2006,38650.2159225684
"Georgia",2006,42930.5294267126
"Florida",2006,45121.1133368527
"Kentucky",2006,40639.4587816741
"Tennessee",2006,40629.0292166747
"Alabama",2006,38159.0022704024
"Mississippi",2006,37137.9976427373
"Arkansas",2006,36247.1653827452
"Louisiana",2006,37030.0130856804
"Oklahoma",2006,42025.7868211345
"Texas",2006,40873.8569691147
"Montana",2006,37914.5679225936
"Idaho",2006,42785.2796110806
"Wyoming",2006,44473.506536496
"Colorado",2006,51366.0162856518
"New Mexico",2006,38138.5070463549
"Arizona",2006,41238.8502676345
"Utah",2006,43610.3588621946
"Nevada",2006,44474.6632410026
"Washington",2006,52054.695683389
"Oregon",2006,45827.3770258398
"California",2006,46780.8991718412
"Alaska",2006,50607.774044025
"Hawaii",2006,47357.6770050235
"Maine",2007,42983.5524931701
"New Hampshire",2007,54247.4976432025
"Vermont",2007,48508.3998933747
"Massachusetts",2007,58907.944920836
"Rhode Island",2007,51190.4637423719
"Connecticut",2007,62986.2251549651
"New York",2007,48877.615338702
"New Jersey",2007,59638.9701638557
"Pennsylvania",2007,45430.9518377058
"Ohio",2007,43845.3895136655
"Indiana",2007,45092.6905947026
"Illinois",2007,48401.989160351
"Michigan",2007,45266.4231499336
"Wisconsin",2007,49491.9242036109
"Minnesota",2007,51539.2760482579
"Iowa",2007,44933.1172650339
"Missouri",2007,45780.4569898832
"North Dakota",2007,43034.7058429335
"South Dakota",2007,43642.9593867241
"Nebraska",2007,45354.8191754383
"Kansas",2007,49011.916184544
"Delaware",2007,45637.1153548046
"Maryland",2007,57312.0542852546
"District of Columbia",2007,61943.1522366119
"Virginia",2007,55353.3407517588
"West Virginia",2007,37696.5827204187
"North Carolina",2007,42336.4764676906
"South Carolina",2007,40082.7796440064
"Georgia",2007,42829.1697092457
"Florida",2007,45448.5920056474
"Kentucky",2007,39509.6971201804
"Tennessee",2007,40466.7496439032
"Alabama",2007,39413.2792253642
"Mississippi",2007,34250.0181503592
"Arkansas",2007,36311.656900494
"Louisiana",2007,38264.4114354851
"Oklahoma",2007,40383.0327949659
"Texas",2007,41534.7136200791
"Montana",2007,38662.9694982536
"Idaho",2007,42620.7542011467
"Wyoming",2007,45302.7843047592
"Colorado",2007,54294.9231082629
"New Mexico",2007,39822.0301423927
"Arizona",2007,42826.7562560386
"Utah",2007,44444.035526009
"Nevada",2007,46301.1918731443
"Washington",2007,50942.477226125
"Oregon",2007,46002.8963313979
"California",2007,48724.7341308507
"Alaska",2007,51250.6228572883
"Hawaii",2007,45925.8478518524
"Maine",2008,42455.8296331397
"New Hampshire",2008,54625.7087423426
"Vermont",2008,45829.828530149
"Massachusetts",2008,55166.5283357129
"Rhode Island",2008,51414.0454640632
"Connecticut",2008,60682.4608430413
"New York",2008,46526.2371816658
"New Jersey",2008,55341.4349402999
"Pennsylvania",2008,45278.6563215866
"Ohio",2008,44455.4162368544
"Indiana",2008,43058.5478845911
"Illinois",2008,50273.3233589012
"Michigan",2008,44414.4259143745
"Wisconsin",2008,47234.8360726478
"Minnesota",2008,51664.6928258968
"Iowa",2008,46391.633957088
"Missouri",2008,44250.8454085011
"North Dakota",2008,44151.027496942
"South Dakota",2008,47290.6020580257
"Nebraska",2008,46608.4621000475
"Kansas",2008,44387.2009842031
"Delaware",2008,49187.0976138756
"Maryland",2008,55790.3096572458
"District of Columbia",2008,59891.1695921925
"Virginia",2008,51545.4644494392
"West Virginia",2008,36900.3509537387
"North Carolina",2008,40807.8427751006
"South Carolina",2008,38500.955952697
"Georgia",2008,45475.6336992686
"Florida",2008,43741.7642015069
"Kentucky",2008,39738.469977757
"Tennessee",2008,40908.8388187522
"Alabama",2008,40642.1723182043
"Mississippi",2008,36364.6060349534
"Arkansas",2008,38940.759709413
"Louisiana",2008,40241.9746137805
"Oklahoma",2008,40974.2240880045
"Texas",2008,41060.6582812714
"Montana",2008,40991.9022201268
"Idaho",2008,44247.0942730893
"Wyoming",2008,46524.0062034928
"Colorado",2008,55565.127609332
"New Mexico",2008,42828.2947389927
"Arizona",2008,42789.7042171405
"Utah",2008,47814.9465273954
"Nevada",2008,45164.346961819
"Washington",2008,49126.099674526
"Oregon",2008,45018.8807709801
"California",2008,47546.9456456901
"Alaska",2008,53064.1606874933
"Hawaii",2008,45530.0729822873
"Maine",2009,43353.8327246814
"New Hampshire",2009,55011.26800305
"Vermont",2009,45555.7607830341
"Massachusetts",2009,53945.46774906
"Rhode Island",2009,48138.9541812292
"Connecticut",2009,57138.7126135236
"New York",2009,45243.9785293518
"New Jersey",2009,55362.0001147735
"Pennsylvania",2009,45963.8111318152
"Ohio",2009,41403.1187183313
"Indiana",2009,41101.2377269258
"Illinois",2009,45953.2018238897
"Michigan",2009,42663.0538336147
"Wisconsin",2009,45181.0761847082
"Minnesota",2009,50349.8359332916
"Iowa",2009,42956.7156325
"Missouri",2009,42338.6118019325
"North Dakota",2009,43956.1239370722
"South Dakota",2009,43862.1951589285
"Nebraska",2009,43865.0474539076
"Kansas",2009,44453.2502839212
"Delaware",2009,46546.5571255489
"Maryland",2009,53981.5454655698
"District of Columbia",2009,61224.7528118758
"Virginia",2009,53257.4914847598
"West Virginia",2009,35719.5039834486
"North Carolina",2009,40317.862483772
"South Carolina",2009,37052.393884794
"Georgia",2009,43307.0805669327
"Florida",2009,40975.9594472993
"Kentucky",2009,37905.2253696448
"Tennessee",2009,38841.5027637517
"Alabama",2009,37633.2042590369
"Mississippi",2009,34405.3236539734
"Arkansas",2009,34925.7568579011
"Louisiana",2009,39630.8430483788
"Oklahoma",2009,40691.8697346928
"Texas",2009,40380.5997657879
"Montana",2009,41393.1009317936
"Idaho",2009,38801.4361795382
"Wyoming",2009,46771.6013705921
"Colorado",2009,51604.0094474985
"New Mexico",2009,40217.2467644178
"Arizona",2009,41655.4650324138
"Utah",2009,45852.206821372
"Nevada",2009,44907.8743060148
"Washington",2009,51037.0581049063
"Oregon",2009,43205.5406911122
"California",2009,46833.8210100666
"Alaska",2009,51643.5007129613
"Hawaii",2009,45791.1435495681
"Maine",2010,43291.5338647446
"New Hampshire",2010,52148.1145452499
"Vermont",2010,44521.5297822225
"Massachusetts",2010,55240.1837183831
"Rhode Island",2010,46146.3329307611
"Connecticut",2010,59246.9532926974
"New York",2010,45284.9607431478
"New Jersey",2010,54109.7514361449
"Pennsylvania",2010,45214.0019584821
"Ohio",2010,40458.274574039
"Indiana",2010,39553.9302695601
"Illinois",2010,45100.3263279873
"Michigan",2010,42012.680955965
"Wisconsin",2010,45121.6051959277
"Minnesota",2010,48497.1579066008
"Iowa",2010,43008.215315328
"Missouri",2010,42851.3675816863
"North Dakota",2010,45300.7122389929
"South Dakota",2010,40389.1279678575
"Nebraska",2010,45480.6090764044
"Kansas",2010,43497.6696455672
"Delaware",2010,44201.3938023962
"Maryland",2010,53240.0625264066
"District of Columbia",2010,62399.2498145087
"Virginia",2010,53869.5444715901
"West Virginia",2010,35077.4329669665
"North Carolina",2010,39599.5216639863
"South Carolina",2010,35990.16383417
"Georgia",2010,41428.3283193808
"Florida",2010,39822.4476429781
"Kentucky",2010,38717.7485425015
"Tennessee",2010,39235.8798853032
"Alabama",2010,36311.2426217048
"Mississippi",2010,33674.8091799618
"Arkansas",2010,32342.8807851615
"Louisiana",2010,40662.355136
"Oklahoma",2010,43752.2593768
"Texas",2010,39102.5201388
"Montana",2010,38221.444215596
"Idaho",2010,38527.304313582
"Wyoming",2010,47526.5545590597
"Colorado",2010,49766.329626
"New Mexico",2010,38504.2470851334
"Arizona",2010,39811.5179937695
"Utah",2010,42430.5463294034
"Nevada",2010,43031.2464317481
"Washington",2010,49439.7806259583
"Oregon",2010,43039.1702945432
"California",2010,44484.8955623284
"Alaska",2010,52208.5470079866
"Hawaii",2010,42096.0925074586
"Maine",2011,41722.8577153403
"New Hampshire",2011,52190.8414335011
"Vermont",2011,45129.4764221367
"Massachusetts",2011,53344.5623013724
"Rhode Island",2011,44807.0488228682
"Connecticut",2011,57461.8061906819
"New York",2011,44119.4218607842
"New Jersey",2011,52081.7431480316
"Pennsylvania",2011,42994.5102070034
"Ohio",2011,40423.9094562708
"Indiana",2011,38692.2333382729
"Illinois",2011,44667.5256713186
"Michigan",2011,40740.6303016818
"Wisconsin",2011,43809.2553550227
"Minnesota",2011,47912.10612217
"Iowa",2011,40699.5813449731
"Missouri",2011,43130.2652947865
"North Dakota",2011,47529.1664069776
"South Dakota",2011,40855.4189646414
"Nebraska",2011,44833.6695859424
"Kansas",2011,42934.5405060256
"Delaware",2011,42033.3699624405
"Maryland",2011,51771.1823970812
"District of Columbia",2011,58637.8454110155
"Virginia",2011,51402.8520235425
"West Virginia",2011,38064.1175655355
"North Carolina",2011,40996.4521450584
"South Carolina",2011,36337.6827864079
"Georgia",2011,40026.576802527
"Florida",2011,40060.3383994822
"Kentucky",2011,36408.5919133002
"Tennessee",2011,37281.1114497742
"Alabama",2011,37775.1272781789
"Mississippi",2011,33965.6507459565
"Arkansas",2011,34803.0517970222
"Louisiana",2011,37296.6104988342
"Oklahoma",2011,38518.6980236707
"Texas",2011,38823.2519550202
"Montana",2011,39814.6759434832
"Idaho",2011,37392.7744402735
"Wyoming",2011,43348.0838663013
"Colorado",2011,50352.7497892895
"New Mexico",2011,40799.5034675565
"Arizona",2011,40208.9419361638
"Utah",2011,41159.2138088302
"Nevada",2011,40412.6646632167
"Washington",2011,47107.8650346976
"Oregon",2011,41933.9100548312
"California",2011,42383.9844709557
"Alaska",2011,48352.12808682
"Hawaii",2011,41861.5296060682
"Maine",2012,43367.0241691287
"New Hampshire",2012,51003.8024433434
"Vermont",2012,43214.2977421279
"Massachusetts",2012,51571.1683345557
"Rhode Island",2012,44787.8919826166
"Connecticut",2012,57070.5910389809
"New York",2012,42920.9740749207
"New Jersey",2012,53348.9947226965
"Pennsylvania",2012,43735.956775283
"Ohio",2012,40877.0897587385
"Indiana",2012,41975.2271234086
"Illinois",2012,45106.4877050401
"Michigan",2012,41636.214887314
"Wisconsin",2012,42713.9516334701
"Minnesota",2012,48769.0332689425
"Iowa",2012,41991.5313495261
"Missouri",2012,43193.0334238197
"North Dakota",2012,49804.2515278949
"South Dakota",2012,40190.2882451676
"Nebraska",2012,46626.9543856578
"Kansas",2012,41934.5825296341
"Delaware",2012,41725.842672627
"Maryland",2012,53996.4392786917
"District of Columbia",2012,62056.8075736833
"Virginia",2012,49350.3406066696
"West Virginia",2012,36737.3668103048
"North Carolina",2012,40946.2382859859
"South Carolina",2012,32315.8496146741
"Georgia",2012,41670.6935109023
"Florida",2012,40325.583406766
"Kentucky",2012,36360.6479755112
"Tennessee",2012,37454.4711460866
"Alabama",2012,38198.1195983582
"Mississippi",2012,34507.9742464739
"Arkansas",2012,33535.7684097782
"Louisiana",2012,35941.9146843248
"Oklahoma",2012,42800.0825551659
"Texas",2012,41103.9857961463
"Montana",2012,35809.7883362703
"Idaho",2012,37107.0531599104
"Wyoming",2012,44465.4217293843
"Colorado",2012,48291.2307494122
"New Mexico",2012,38219.2092865917
"Arizona",2012,40044.6747825318
"Utah",2012,42199.1519295388
"Nevada",2012,38456.1989775051
"Washington",2012,47288.533795359
"Oregon",2012,41484.2357321269
"California",2012,43431.1430043819
"Alaska",2012,48116.7990047353
"Hawaii",2012,43527.927006274
"Maine",2013,41441.2810177077
"New Hampshire",2013,52663.6278585086
"Vermont",2013,45504.7763167873
"Massachusetts",2013,50425.0228052097
"Rhode Island",2013,48997.5597376589
"Connecticut",2013,56654.9284123902
"New York",2013,44379.8535682093
"New Jersey",2013,53215.5714942104
"Pennsylvania",2013,42859.1359067291
"Ohio",2013,39720.2847123375
"Indiana",2013,40295.0127587441
"Illinois",2013,47254.2244573236
"Michigan",2013,43203.9373848571
"Wisconsin",2013,44764.3881491689
"Minnesota",2013,49662.4189724522
"Iowa",2013,43427.8317400837
"Missouri",2013,44168.3985121545
"North Dakota",2013,49531.0269861882
"South Dakota",2013,42499.8304229179
"Nebraska",2013,42731.4926898757
"Kansas",2013,43718.7854683453
"Delaware",2013,40518.2613819548
"Maryland",2013,53001.0233704004
"District of Columbia",2013,65665.5583038565
"Virginia",2013,52786.3426984738
"West Virginia",2013,37553.9320382407
"North Carolina",2013,37823.0814921938
"South Carolina",2013,34981.0765075036
"Georgia",2013,40521.145922771
"Florida",2013,38845.9121878026
"Kentucky",2013,34964.3664324505
"Tennessee",2013,36705.9608949168
"Alabama",2013,37123.9855547352
"Mississippi",2013,33023.5427940265
"Arkansas",2013,34661.7003353524
"Louisiana",2013,35062.8429209816
"Oklahoma",2013,40295.0215272521
"Texas",2013,39703.270542886
"Montana",2013,38774.2747343553
"Idaho",2013,39180.2027212111
"Wyoming",2013,45863.0842805208
"Colorado",2013,48609.5894566503
"New Mexico",2013,44032.2121590063
"Arizona",2013,37678.0113893101
"Utah",2013,42236.978042
"Nevada",2013,38647.8001868549
"Washington",2013,47932.0093546124
"Oregon",2013,39957.5515771121
"California",2013,43664.3551853168
"Alaska",2013,48275.4617555075
"Hawaii",2013,40848.4691921891
"Maine",2014,44574.713579886
"New Hampshire",2014,52221.0288585138
"Vermont",2014,47484.8324720672
"Massachusetts",2014,55940.5227401946
"Rhode Island",2014,47866.7734140361
"Connecticut",2014,55098.8145315976
"New York",2014,46550.3462132996
"New Jersey",2014,51730.7498279186
"Pennsylvania",2014,46108.0661697861
"Ohio",2014,42296.9286928487
"Indiana",2014,41395.6029491897
"Illinois",2014,47268.9405170074
"Michigan",2014,45377.6306967089
"Wisconsin",2014,47251.5384351858
"Minnesota",2014,50392.9942700867
"Iowa",2014,46115.3659381967
"Missouri",2014,43666.1709979964
"North Dakota",2014,48583.808136205
"South Dakota",2014,46780.325023957
"Nebraska",2014,45199.3279163736
"Kansas",2014,41699.5219047854
"Delaware",2014,43376.2248175731
"Maryland",2014,54509.1297187891
"District of Columbia",2014,64730.7140147311
"Virginia",2014,52938.691143302
"West Virginia",2014,39057.7499183735
"North Carolina",2014,38847.387252708
"South Carolina",2014,37688.6799795591
"Georgia",2014,41834.8194065891
"Florida",2014,40537.5418690063
"Kentucky",2014,36465.2123149846
"Tennessee",2014,39144.1237637566
"Alabama",2014,38271.1571980091
"Mississippi",2014,35919.2126961783
"Arkansas",2014,33913.6774113372
"Louisiana",2014,39794.1629123518
"Oklahoma",2014,38749.9566495202
"Texas",2014,40934.4681749081
"Montana",2014,41103.5631791037
"Idaho",2014,39354.2048819693
"Wyoming",2014,47251.111534997
"Colorado",2014,54083.0796322952
"New Mexico",2014,37311.9927753103
"Arizona",2014,40427.7704111502
"Utah",2014,42835.6985856701
"Nevada",2014,40132.3030375679
"Washington",2014,51074.9726502585
"Oregon",2014,42740.8286073045
"California",2014,44763.4073294843
"Alaska",2014,50991.9548870517
"Hawaii",2014,42400.1039758346
"Maine",2015,44344.1176095658
"New Hampshire",2015,55334.706036285
"Vermont",2015,49394.5830821596
"Massachusetts",2015,53330.7928095654
"Rhode Island",2015,51811.7862130876
"Connecticut",2015,56884.644612
"New York",2015,48545.5396880594
"New Jersey",2015,50804.6926440401
"Pennsylvania",2015,46583.8319417757
"Ohio",2015,43208.1292287727
"Indiana",2015,41673.244503838
"Illinois",2015,47562.8064351896
"Michigan",2015,43221.1405113887
"Wisconsin",2015,48053.9389662326
"Minnesota",2015,53830.8214277182
"Iowa",2015,47490.8576230611
"Missouri",2015,47146.8733452722
"North Dakota",2015,50842.5850929372
"South Dakota",2015,50036.7666857787
"Nebraska",2015,46646.1942149039
"Kansas",2015,44917.5599778743
"Delaware",2015,46027.7650357845
"Maryland",2015,57534.3603237638
"District of Columbia",2015,67821.1077298995
"Virginia",2015,53043.9968447422
"West Virginia",2015,36655.8537655637
"North Carolina",2015,43487.346816554
"South Carolina",2015,40428.3443357217
"Georgia",2015,42633.2231401337
"Florida",2015,40299.7940285548
"Kentucky",2015,41719.0516959929
"Tennessee",2015,41748.2297352985
"Alabama",2015,38206.0906755085
"Mississippi",2015,32218.2164085796
"Arkansas",2015,36651.9591919255
"Louisiana",2015,37619.7634992608
"Oklahoma",2015,41571.0978058104
"Texas",2015,42541.5847130423
"Montana",2015,44684.488635218
"Idaho",2015,43364.4313787273
"Wyoming",2015,48802.8230241185
"Colorado",2015,51830.5644290811
"New Mexico",2015,38505.1821040876
"Arizona",2015,38311.1650073307
"Utah",2015,43729.306514721
"Nevada",2015,40072.6082221405
"Washington",2015,48439.3458838121
"Oregon",2015,45256.2176536498
"California",2015,45564.2368526045
"Alaska",2015,51417.6789375289
"Hawaii",2015,45316.7239900439
"Maine",2016,44406.5076391323
"New Hampshire",2016,54964.305159113
"Vermont",2016,52008.4661965781
"Massachusetts",2016,56995.7101911644
"Rhode Island",2016,49326.9682227687
"Connecticut",2016,60068.7622191518
"New York",2016,50140.1030719187
"New Jersey",2016,55375.1333173883
"Pennsylvania",2016,48649.399201382
"Ohio",2016,44035.7917853731
"Indiana",2016,43363.4630056254
"Illinois",2016,52097.5392302463
"Michigan",2016,45491.8815985681
"Wisconsin",2016,45522.2811728966
"Minnesota",2016,54861.3864058485
"Iowa",2016,50477.601123605
"Missouri",2016,48885.0528088695
"North Dakota",2016,50785.1350296422
"South Dakota",2016,49156.7744346851
"Nebraska",2016,48245.3001227131
"Kansas",2016,47910.7667745896
"Delaware",2016,47372.0928144432
"Maryland",2016,57997.9896634468
"District of Columbia",2016,68996.7858368365
"Virginia",2016,53647.2915488578
"West Virginia",2016,39582.5794833999
"North Carolina",2016,44961.7612096245
"South Carolina",2016,41540.3609759962
"Georgia",2016,41269.9971277037
"Florida",2016,42384.42627763
"Kentucky",2016,40154.5131869481
"Tennessee",2016,44278.252509666
"Alabama",2016,39629.9176292859
"Mississippi",2016,35770.8640466977
"Arkansas",2016,40710.0896398162
"Louisiana",2016,42857.9580371064
"Oklahoma",2016,44536.014384978
"Texas",2016,45558.0698460075
"Montana",2016,45073.6878104655
"Idaho",2016,44252.6835221578
"Wyoming",2016,50574.7499342158
"Colorado",2016,52528.7602899624
"New Mexico",2016,37948.5555343939
"Arizona",2016,41963.0872692733
"Utah",2016,46333.4362134671
"Nevada",2016,43081.7966978154
"Washington",2016,52012.2447748317
"Oregon",2016,45416.5900139715
"California",2016,48361.2926063536
"Alaska",2016,56246.5017678309
"Hawaii",2016,46565.1259261518
"Maine",2017,47754.238055652
"New Hampshire",2017,57365.7491646154
"Vermont",2017,53356.8841680477
"Massachusetts",2017,57210.2096631231
"Rhode Island",2017,49514.2427689957
"Connecticut",2017,58324.6940112265
"New York",2017,53012.1609352972
"New Jersey",2017,57249.8090336223
"Pennsylvania",2017,49032.3220050625
"Ohio",2017,48176.4966023936
"Indiana",2017,48077.9516761739
"Illinois",2017,52062.0254428747
"Michigan",2017,46587.9941675252
"Wisconsin",2017,48356.2085604997
"Minnesota",2017,54234.1596139259
"Iowa",2017,51506.4112618919
"Missouri",2017,46644.1503724731
"North Dakota",2017,50551.6501525847
"South Dakota",2017,48020.880966202
"Nebraska",2017,49435.5592679759
"Kansas",2017,47434.7576064091
"Delaware",2017,47031.4280709972
"Maryland",2017,61345.943624212
"District of Columbia",2017,71037.3448665953
"Virginia",2017,55639.8408553002
"West Virginia",2017,38396.5688537168
"North Carolina",2017,45725.7529849246
"South Carolina",2017,48030.5920188221
"Georgia",2017,44584.7842960719
"Florida",2017,43445.730444
"Kentucky",2017,41829.720753169
"Tennessee",2017,44677.0508381413
"Alabama",2017,42626.5684291901
"Mississippi",2017,35904.376330303
"Arkansas",2017,45009.4804359431
"Louisiana",2017,40218.1950887365
"Oklahoma",2017,45114.0150360179
"Texas",2017,46005.2329188163
"Montana",2017,46439.5399179261
"Idaho",2017,44655.8230291193
"Wyoming",2017,46810.519489767
"Colorado",2017,56501.6339318466
"New Mexico",2017,42677.9356639729
"Arizona",2017,45482.5689947183
"Utah",2017,53277.6626088981
"Nevada",2017,43279.4920071231
"Washington",2017,53382.1104047208
"Oregon",2017,50541.2512880231
"California",2017,49750.2122764858
"Alaska",2017,53927.0737155777
"Hawaii",2017,48877.4348952316
"Maine",2018,45106.5344618077
"New Hampshire",2018,56334.5693377912
"Vermont",2018,54030.6058450408
"Massachusetts",2018,60485.4481919262
"Rhode Island",2018,52319.6180729363
"Connecticut",2018,56406.7080241568
"New York",2018,52570.1871942957
"New Jersey",2018,55638.5603326095
"Pennsylvania",2018,53267.4925407835
"Ohio",2018,48323.5910277244
"Indiana",2018,45699.4841325366
"Illinois",2018,54056.458678597
"Michigan",2018,48798.4807574182
"Wisconsin",2018,51044.8510620777
"Minnesota",2018,54694.4516877073
"Iowa",2018,50506.0715232233
"Missouri",2018,49152.920166702
"North Dakota",2018,49858.855502266
"South Dakota",2018,48887.5966237434
"Nebraska",2018,49897.3304477528
"Kansas",2018,49940.1890700788
"Delaware",2018,49485.1864862156
"Maryland",2018,60546.7319182073
"District of Columbia",2018,78872.8851166756
"Virginia",2018,55762.925445
"West Virginia",2018,38265.3768733562
"North Carolina",2018,46132.9115710447
"South Carolina",2018,45928.3018108861
"Georgia",2018,45421.6182189154
"Florida",2018,43843.7360885441
"Kentucky",2018,44255.2833248376
"Tennessee",2018,47024.8506071325
"Alabama",2018,43874.2175357998
"Mississippi",2018,35234.3416388073
"Arkansas",2018,42126.8047202442
"Louisiana",2018,41040.1568231783
"Oklahoma",2018,42913.5498780933
"Texas",2018,44910.3643518462
"Montana",2018,47905.7450214644
"Idaho",2018,44439.6640797594
"Wyoming",2018,45039.069397642
"Colorado",2018,57667.9322036695
"New Mexico",2018,39085.7671332505
"Arizona",2018,43875.7535605805
"Utah",2018,50276.9929710368
"Nevada",2018,43209.6397871387
"Washington",2018,56475.8598747162
"Oregon",2018,50912.0914942516
"California",2018,49788.5240910513
"Alaska",2018,50984.9915528624
"Hawaii",2018,50732.4945601151
"Maine",2019,45318.7851676296
"New Hampshire",2019,57296.0077338498
"Vermont",2019,50631.7271787294
"Massachusetts",2019,64343.1123944067
"Rhode Island",2019,54910.8520011783
"Connecticut",2019,59763.4736786657
"New York",2019,54430.1287304085
"New Jersey",2019,60657.0341303402
"Pennsylvania",2019,51009.8083618419
"Ohio",2019,49602.7797269713
"Indiana",2019,46446.4228284432
"Illinois",2019,54527.1208673155
"Michigan",2019,49449.7934081503
"Wisconsin",2019,48582.976418416
"Minnesota",2019,58155.5952089131
"Iowa",2019,50323.691073748
"Missouri",2019,49178.4837978735
"North Dakota",2019,53705.1234269244
"South Dakota",2019,50949.7406335348
"Nebraska",2019,52048.8490604785
"Kansas",2019,51125.9980370006
"Delaware",2019,51603.4002273454
"Maryland",2019,59746.1081147214
"District of Columbia",2019,83758.9176133029
"Virginia",2019,59275.0789745668
"West Virginia",2019,39383.7262350012
"North Carolina",2019,44788.6604283658
"South Carolina",2019,45363.899713124
"Georgia",2019,45399.5255364044
"Florida",2019,44752.9987218824
"Kentucky",2019,46895.3919936949
"Tennessee",2019,45174.6480285444
"Alabama",2019,40760.8201590637
"Mississippi",2019,35957.1048047731
"Arkansas",2019,40820.3269518125
"Louisiana",2019,43596.457973595
"Oklahoma",2019,44217.2948900533
"Texas",2019,45642.2050985052
"Montana",2019,44825.1396475772
"Idaho",2019,43733.2097960974
"Wyoming",2019,48869.2661708297
"Colorado",2019,57883.8776478018
"New Mexico",2019,42595.2383444547
"Arizona",2019,47083.5486321716
"Utah",2019,49835.465310253
"Nevada",2019,46006.0191882489
"Washington",2019,58027.9990728974
"Oregon",2019,51647.0443133529
"California",2019,50826.1457950162
"Alaska",2019,50809.4709104567
"Hawaii",2019,53204.4134187355
"Maine",2020,48639.0326413889
"New Hampshire",2020,62921.367655432
"Vermont",2020,57465.5485820876
"Massachusetts",2020,68399.7072634896
"Rhode Island",2020,57088.9091890051
"Connecticut",2020,64878.4475562835
"New York",2020,56532.0549613251
"New Jersey",2020,63319.7529623688
"Pennsylvania",2020,56621.1318495198
"Ohio",2020,54043.1097871427
"Indiana",2020,49168.4668591118
"Illinois",2020,57948.4685807217
"Michigan",2020,55216.5611549935
"Wisconsin",2020,54413.2643538297
"Minnesota",2020,60536.8054634619
"Iowa",2020,49619.8458119233
"Missouri",2020,49130.2422065049
"North Dakota",2020,56155.7456723767
"South Dakota",2020,49587.6823373122
"Nebraska",2020,53750.7009537356
"Kansas",2020,53430.9848249368
"Delaware",2020,55704.8932912325
"Maryland",2020,65945.9244328573
"District of Columbia",2020,85576.8955862194
"Virginia",2020,64397.132788304
"West Virginia",2020,42514.0564940404
"North Carolina",2020,47775.9856734785
"South Carolina",2020,47590.7178611894
"Georgia",2020,47270.4377218349
"Florida",2020,47738.2573193812
"Kentucky",2020,49327.5017764956
"Tennessee",2020,47871.2665820085
"Alabama",2020,45023.4921718346
"Mississippi",2020,37830.7611006673
"Arkansas",2020,46565.214974032
"Louisiana",2020,45644.9644781485
"Oklahoma",2020,48527.0974499456
"Texas",2020,50637.6941470921
"Montana",2020,49780.1827091224
"Idaho",2020,51483.4516732524
"Wyoming",2020,50899.9313813842
"Colorado",2020,62074.4171043874
"New Mexico",2020,40569.1885386792
"Arizona",2020,51202.6449414325
"Utah",2020,56648.6670678631
"Nevada",2020,49172.8576397643
"Washington",2020,60754.6422046548
"Oregon",2020,59347.5350966796
"California",2020,54569.9697413213
"Alaska",2020,53597.6654812241
"Hawaii",2020,51473.4172660448
"Maine",2021,50654.2045635055
"New Hampshire",2021,61434.3239984337
"Vermont",2021,59889.3122331204
"Massachusetts",2021,69583.5903075454
"Rhode Island",2021,58319.9950083716
"Connecticut",2021,63016.144545834
"New York",2021,53891.8380262679
"New Jersey",2021,64354.014825136
"Pennsylvania",2021,56218.4677126199
"Ohio",2021,48383.713439793
"Indiana",2021,53360.29032602
"Illinois",2021,59037.6408219089
"Michigan",2021,58724.1207686605
"Wisconsin",2021,54522.4175469872
"Minnesota",2021,65558.1835924106
"Iowa",2021,52177.8726831687
"Missouri",2021,51098.9341820324
"North Dakota",2021,52713.9108988018
"South Dakota",2021,53799.8776701217
"Nebraska",2021,55512.7133887158
"Kansas",2021,52662.629656584
"Delaware",2021,47879.080666371
"Maryland",2021,70482.3979263692
"District of Columbia",2021,86357.8078007549
"Virginia",2021,62763.8632583028
"West Virginia",2021,43715.759530172
"North Carolina",2021,46946.2133646655
"South Carolina",2021,46946.7428712886
"Georgia",2021,47911.2620265316
"Florida",2021,44790.7962365892
"Kentucky",2021,44299.0847930526
"Tennessee",2021,45511.5766284079
"Alabama",2021,46579.6475303656
"Mississippi",2021,37154.9236411633
"Arkansas",2021,43980.4045528596
"Louisiana",2021,43108.0611259607
"Oklahoma",2021,43659.2406316107
"Texas",2021,49474.2631424338
"Montana",2021,50196.7988905451
"Idaho",2021,47405.405585937
"Wyoming",2021,48052.1726916815
"Colorado",2021,61900.5433828155
"New Mexico",2021,40120.4105346673
"Arizona",2021,51634.6527806631
"Utah",2021,55944.6517625219
"Nevada",2021,45282.5265519933
"Washington",2021,58885.07019786
"Oregon",2021,57020.6007011815
"California",2021,52608.3309527224
"Alaska",2021,52788.8670717124
"Hawaii",2021,49330.2241789433
"Maine",2022,49298.0836543456
"New Hampshire",2022,63252.1029127988
"Vermont",2022,58781.0280378497
"Massachusetts",2022,68602.0679628638
"Rhode Island",2022,59507.368695556
"Connecticut",2022,67716.1826037422
"New York",2022,55736.4030373631
"New Jersey",2022,62405.2365412489
"Pennsylvania",2022,55623.429702916
"Ohio",2022,49272.3900802292
"Indiana",2022,48683.4055360116
"Illinois",2022,58420.9237273917
"Michigan",2022,52853.5232650965
"Wisconsin",2022,55362.6153962246
"Minnesota",2022,60882.6407222152
"Iowa",2022,56542.0921953451
"Missouri",2022,48631.4502058673
"North Dakota",2022,55174.796163591
"South Dakota",2022,51188.7069883331
"Nebraska",2022,57846.539613648
"Kansas",2022,54227.7055793422
"Delaware",2022,53489.5046937275
"Maryland",2022,64187.6654449547
"District of Columbia",2022,91415.3422272963
"Virginia",2022,60822.2206817645
"West Virginia",2022,40479.2199013569
"North Carolina",2022,50233.6653836132
"South Carolina",2022,45056.0620411321
"Georgia",2022,45238.3319996637
"Florida",2022,44060.8420330087
"Kentucky",2022,42692.0672762241
"Tennessee",2022,47084.1289725098
"Alabama",2022,43642.5206545575
"Mississippi",2022,38235.6682406841
"Arkansas",2022,44202.7228670219
"Louisiana",2022,43386.7008330651
"Oklahoma",2022,45642.1052189045
"Texas",2022,49629.6868785129
"Montana",2022,52217.0462065129
"Idaho",2022,49320.6079511944
"Wyoming",2022,48811.6172794698
"Colorado",2022,64198.3348633941
"New Mexico",2022,40846.7503107816
"Arizona",2022,52088.4126674025
"Utah",2022,54735.7657617263
"Nevada",2022,48828.8091474542
"Washington",2022,64102.8630281291
"Oregon",2022,59446.5590276502
"California",2022,54365.9161868333
"Alaska",2022,54050.8156525728
"Hawaii",2022,49209.7137843983
"Maine",2023,46332.7972470036
"New Hampshire",2023,56393.2744868608
"Vermont",2023,53960.400604296
"Massachusetts",2023,64590.026569909
"Rhode Island",2023,54696.3484684338
"Connecticut",2023,61192.4774437854
"New York",2023,51395.4660611486
"New Jersey",2023,58945.7527110172
"Pennsylvania",2023,53143.949878956
"Ohio",2023,48434.6750981433
"Indiana",2023,48339.5297587099
"Illinois",2023,55498.5984049535
"Michigan",2023,48360.9873495486
"Wisconsin",2023,50984.8049344403
"Minnesota",2023,59280.7761846267
"Iowa",2023,56922.2022742239
"Missouri",2023,50560.7684680492
"North Dakota",2023,54612.0435488
"South Dakota",2023,53962.601332378
"Nebraska",2023,51566.2238484598
"Kansas",2023,58759.2182466943
"Delaware",2023,49032.7726022057
"Maryland",2023,62790.1410915397
"District of Columbia",2023,87229.0009612078
"Virginia",2023,61689.873485497
"West Virginia",2023,38393.6553755788
"North Carolina",2023,46476.6725213575
"South Carolina",2023,44491.409205198
"Georgia",2023,45238.7050976224
"Florida",2023,46498.5734950998
"Kentucky",2023,40203.9189101295
"Tennessee",2023,46620.5664611968
"Alabama",2023,42223.2389006545
"Mississippi",2023,34651.5925371242
"Arkansas",2023,40330.805869238
"Louisiana",2023,39951.5770922324
"Oklahoma",2023,44052.1456021513
"Texas",2023,47628.4161141085
"Montana",2023,49906.9003045699
"Idaho",2023,46345.2307515089
"Wyoming",2023,49766.9204744644
"Colorado",2023,62660.512486777
"New Mexico",2023,37106.9278237778
"Arizona",2023,45962.0814164349
"Utah",2023,56673.2647696765
"Nevada",2023,44426.3003977355
"Washington",2023,62414.108872641
"Oregon",2023,54895.2206481466
"California",2023,53374.171142554
"Alaska",2023,56066.5440547812
"Hawaii",2023,48733.0703200218
